,Mean cA1,Std cA1,Min cA1,Max cA1,TWE cA1,IWE cA1,Mean cD1,Std cD1,Min cD1,Max cD1,TWE cD1,IWE cD1,Mean cD2,Std cD2,Min cD2,Max cD2,TWE cD2,IWE cD2,Mean cD3,Std cD3,Min cD3,Max cD3,TWE cD3,IWE cD3,Mean cD4,Std cD4,Min cD4,Max cD4,TWE cD4,IWE cD4,Mean cD5,Std cD5,Min cD5,Max cD5,TWE cD5,IWE cD5,Mean cD6,Std cD6,Min cD6,Max cD6,TWE cD6,IWE cD6,Mean cD7,Std cD7,Min cD7,Max cD7,TWE cD7,IWE cD7,Mean cD8,Std cD8,Min cD8,Max cD8,TWE cD8,"IWE cD8,
    
    'Mean cD11', 'Std cD11', 'Min cD11', 'Max cD11', 'TWE cD11', 'IWE cD11',
    'Mean cD12', 'Std cD12', 'Min cD12', 'Max cD12', 'TWE cD12', 'IWE cD12',
    'Mean cD13', 'Std cD13', 'Min cD13', 'Max cD13', 'TWE cD13', 'IWE cD13',
    'Mean cD14', 'Std cD14', 'Min cD14', 'Max cD14', 'TWE cD14', 'IWE cD14',
    'Mean cD15', 'Std cD15', 'Min cD15', 'Max cD15', 'TWE cD15', 'IWE cD15',
    'Mean cD16', 'Std cD16', 'Min cD16', 'Max cD16', 'TWE cD16', 'IWE cD16',
    'Mean cD17', 'Std cD17', 'Min cD17', 'Max cD17', 'TWE cD17', 'IWE cD17',
    'Mean cD18', 'Std cD18', 'Min cD18', 'Max cD18', 'TWE cD18', 'IWE cD18',
    'Mean cD19', 'Std cD19', 'Min cD19', 'Max cD19', 'TWE cD19', 'IWE cD19',
    'Mean cD20', 'Std cD20', 'Min cD20', 'Max cD20', 'TWE cD20', 'IWE cD20',
    'Mean cD21', 'Std cD21', 'Min cD21', 'Max cD21', 'TWE cD21', 'IWE cD21',
    'Mean cD22', 'Std cD22', 'Min cD22', 'Max cD22', 'TWE cD22', 'IWE cD22',
    'Mean cD23', 'Std cD23', 'Min cD23', 'Max cD23', 'TWE cD23', 'IWE cD23',
    'Mean cD24', 'Std cD24', 'Min cD24', 'Max cD24', 'TWE cD24', 'IWE cD24',
    'Mean cD25', 'Std cD25', 'Min cD25', 'Max cD25', 'TWE cD25', 'IWE cD25'"
0,-4.5239508907908865,0.9775706614053373,-5.5038738022271865,-2.870246598717978,0.33920524843804756,1.2713743892391203,-0.08675279913876727,0.16689471233405354,-0.3892800517226222,0.19896307696363325,-1.3407372688032058,-1.4771535781316554,0.001839885874654867,0.3078631630517428,-0.4057040516927573,0.6250141359823227,-0.9029850411712094,-1.1067260530184364,0.002742261585137592,0.2795358574107094,-0.5384265225181374,0.4759430773779287,-1.0108022279944753,-1.184518142702823,-0.0012714122878784838,0.5872796214608983,-1.1947959486506106,1.1919188063462,-0.39628909592844064,-0.4668137926342398,-0.051337488759046666,0.3310674237894265,-1.0817798061508366,0.9155869911486363,-0.9214589260926478,-0.9500856772756039,0.007808405859537753,0.23140742949381043,-1.0285921521299741,0.8723226403286406,-1.3090494232625294,-1.270986759600752,-0.002698527518105361,0.10980287915309422,-0.4819764836356999,0.4861936179802412,-2.0006318903338776,-1.9186718935797105,6.105742317987693e-05,0.025672315187469295,-0.13135254339355076,0.14877158311446595,-3.1908731583815158,-3.181310796702813
1,-3.6560128514976964,0.7481303905103952,-4.645465882109857,-2.095977295739329,0.41605990699570916,1.0631420371079026,-0.030277383307237615,0.2843684390760225,-0.45408856428698435,0.6190348783134096,-0.9620150845389903,-1.2288837651082403,-0.054578426377140055,0.7983477112118913,-1.4375747208182146,1.2682035379697332,-0.2648141087489604,-0.23318500511040186,-0.05234978397649451,0.4331396883257157,-0.889459134652475,0.9447840585790352,-0.8264634958721364,-0.8014238571668704,0.01599360896824293,0.5280047485513703,-1.2476782292575284,1.3203303915551645,-0.5069573465434608,-0.6048797452230745,0.05342578752295677,0.5249730971046384,-1.27598564373457,1.736434609988175,-0.5397723325257614,-0.5555106598806314,-0.0036303674039986963,0.26160236029681544,-1.062706509061821,1.3811098299131102,-1.1611125480053284,-1.1646423310971838,-9.10041208806214e-06,0.09261403393757245,-0.6510180871698872,0.5781677840683028,-2.164749481352149,-2.0666483221139846,0.00027411033151260436,0.025086958580308582,-0.16296940604492477,0.15149944652889052,-3.218113644250094,-3.2014118309030084
2,-4.394947791322934,0.5803150782648541,-5.090477664648643,-2.8067929115752257,0.2983898210979151,1.2195954778812377,0.011618952020003091,0.34194866871530477,-0.701440605763063,0.5355199164924376,-0.8303203827371195,-1.0031367109492364,0.03631681477718243,0.2760201405108967,-0.39295012478563013,0.6958803383765092,-0.9310831701137022,-1.1702259769537662,0.01370584653556237,0.29396042645094306,-0.5350476250512769,0.4640730734302627,-0.9067127083439407,-1.0863561782095235,-0.03325871251183651,0.5170545920601868,-0.967829276441396,1.2020695116258573,-0.4208386322775069,-0.5719353052830852,-0.007614683410754299,0.3646848142905011,-1.1443448301723502,1.17321796241016,-0.8286694650693895,-0.8760708901731626,0.011220306861146766,0.1650183343859524,-0.649278640286944,0.5975735873375131,-1.5398199249171651,-1.5629785113250365,0.0003140320184214792,0.10220112603758603,-0.4332877829513368,0.6419824096054455,-1.9788526801312356,-1.9810963917837099,0.00040121157843003635,0.056339809215016454,-0.41287817322533266,0.43095023257294257,-2.4880053025964983,-2.498370860943588
3,-8.210352012967519,1.7162579052434397,-12.040188654082634,-6.20231303673,1.0014584242979487,1.702709783855523,0.0249165616852823,0.48925180682682373,-0.8328830932354138,1.0690196284998033,-0.4412396241279091,-0.752370357759382,0.09068343296539036,0.5602653798902524,-1.2276525357496582,1.4178645368277234,-0.32562866645000965,-0.6516937264542518,0.003050835267802454,1.0124647179456607,-1.552710081967375,1.695771460659447,0.21331966199243627,-0.015172852837957544,-0.12152571354355521,1.0120682951531406,-2.0575572009459373,1.9917786313848143,0.1469637936664706,-0.02446898524996019,0.09047099732685776,0.8858492360569975,-1.5758890103048613,2.6579008438084237,-0.03705762104177201,-0.10129771955795323,0.04776367238634344,0.5193728090429633,-1.603652948810737,2.301707638327593,-0.5438901072492277,-0.5654117583771995,-0.0016896157700459196,0.23893061445145375,-1.4912399609357436,0.8357155340598553,-1.3677459844042315,-1.2434794922833226,-0.0002417833051371882,0.058890052401549604,-0.4249640527335866,0.3587296942581598,-2.474409139859351,-2.4599202322301057
4,1.6424039104794106,1.8239845540975967,-0.5815847911548212,4.844030206121134,0.2206629654254529,0.5876011584141767,0.05611806523863266,0.3885171329996763,-0.5022016198434305,0.5883689390665849,-0.8425208632877514,-0.9830031034613746,0.16271425032604786,0.5713610502401604,-0.9614766842170027,0.9394537892306686,-0.3737094160961697,-0.5567795055968329,0.038795548656024165,0.8571675214161785,-1.8453907131343188,1.8568720722064984,-0.12366903131407819,-0.15087608008402187,-0.0006340519354085621,0.7148179208324704,-1.5417636556504675,1.3416371492358947,-0.19646011226232662,-0.2923598472248192,-0.009680028932562885,0.3835574171672674,-1.0517746537910881,1.0599435734629408,-0.8297640923566916,-0.8322145309103324,0.0051060501153373985,0.14706227958806262,-0.31424208062067277,0.5203120799277194,-1.5269575753845956,-1.6646640763942346,-0.003993842629256034,0.08246301068304619,-0.5770511969030794,0.49801068196821013,-2.1657396256806116,-2.166495592736932,-0.0002641364372529863,0.04969990186893735,-0.36301720949070737,0.36302080604833414,-2.5953075084001815,-2.6074953741767275
5,-2.6263423266026127,0.7143897265690304,-3.8294479931955254,-1.7249895093586438,0.36884110105800477,0.7683315524565798,0.018327953431897723,0.17643894461751164,-0.3111466163351265,0.32452560267457964,-1.8312008562731115,-1.5026157906420494,-0.04296123180619404,0.141599930690581,-0.29170785168025243,0.22117976024158348,-1.7608883478158674,-1.736833951139759,0.006132236227879764,0.13756490584026895,-0.2926838353817247,0.21042330800569892,-1.5845873118460778,-1.7737253453996285,0.008868097314318984,0.142722148093725,-0.3006261293275396,0.30350955953836284,-1.52697527098101,-1.692604314536904,-0.008222082222141247,0.11847176048124844,-0.48306484322482957,0.3790447577076235,-1.8069360575857816,-1.8507848314975188,0.0018104689984366849,0.10273937865235477,-0.5141572218540262,0.2991712145767431,-1.9776035962161902,-1.9766922955455406,0.002393626530681764,0.05049686613431485,-0.4065086709530824,0.34813420819892643,-2.5451525162317057,-2.5928715774126014,-0.00016759140116450686,0.020919690047789378,-0.10699795804059224,0.13158233618615126,-3.608010596789619,-3.3591209394628443
6,-7.492015136828212,0.49341045059979916,-8.859562541009609,-7.110401587753011,0.3658766706806325,1.6393576862021064,-0.004935631655855891,0.1930943083305238,-0.3942433054020656,0.4667578788843186,-1.244884175101475,-1.634887098425691,-0.009650907409635746,0.10336319288912785,-0.21844199169212655,0.29735060180047346,-1.8123196711075877,-2.123028974789663,0.006997872558915475,0.07048452472310651,-0.12238779327192045,0.16231635970027045,-2.103745437835492,-2.3134808380577305,0.0016523067057034881,0.10192890385935141,-0.18200693357693326,0.1553392116793987,-1.7280745356724683,-1.9966027243428606,0.0031409061702655965,0.06319469603528984,-0.2200162565637198,0.13857488935297166,-2.267668338353253,-2.3979183955587673,-0.004477338034747373,0.07043924985977541,-0.3108372526484016,0.19588700064180953,-2.2394485154119357,-2.302646486780923,0.000652812488485659,0.05388656679304608,-0.3034760114854287,0.32235585952892576,-2.4736134482630012,-2.537183133344594,9.595569781344726e-05,0.019516624561027526,-0.10631564190281052,0.1063558965701737,-3.6560138480267406,-3.419294897577108
7,-10.192353407236896,1.4929371064500336,-12.11927208682241,-7.464753188999673,1.0559147497763368,1.9637931154198867,-0.08344568721900095,0.4550253185369588,-0.9111288008841877,0.7884411568789934,-0.5388784928007856,-0.8050798162285842,-0.044702156344383445,0.36366826013168074,-0.8488008658319994,0.42004845803550467,-0.7487402853807448,-0.9368457174543483,0.3664628727461355,1.8494716267818514,-2.842233625224745,3.2494193660727624,0.22971057405777237,0.5412582491551002,0.04284465217344467,1.574058143979009,-3.268277257055858,3.0226231959648278,0.5408822905572125,0.35657040762904246,-0.00032878783549881736,0.9756525983542911,-3.1274102736655798,2.007708948938175,0.07478726247564176,-0.02259374968835767,-0.02143873359947169,0.779078612280494,-2.778996768234524,2.0539451631255647,-0.21266362920660442,-0.21658551025096145,-0.011630077269131484,0.2507774026908187,-1.0625385655448172,1.2357932716091176,-1.3143658220447723,-1.2005043367502586,-0.00023421143995256622,0.06672615834545943,-0.3345476688667548,0.2924011295049286,-2.446651205376446,-2.3514266493984133
8,0.3681923319252324,1.3977119858075386,-1.3101994991822432,3.5514802319636507,0.02605299956629737,-0.0257214251477676,-0.09199677159396652,0.3367826508175125,-0.624963494331002,0.4956472635670234,-0.7388324929847463,-1.0084918885167284,-0.006118824536762935,0.5001657935056192,-0.7118452977809256,1.2672371523630581,-0.4312684549966204,-0.624445252435249,-0.018933205843817483,0.8491532800664326,-2.0966467102589945,2.1520346924445355,-0.00540037160497683,-0.2602315278478816,-0.06902377927345776,0.5272629435732941,-2.0234122229067255,1.3676603784251418,-0.5642741655438264,-0.6191074410088525,0.007595162184242051,0.29829630782893696,-1.366830986396357,1.3011909787841736,-0.9656778515777507,-1.0626440929549033,-0.0008501689776456251,0.1300089130990031,-0.6651862385913987,0.6110014825405947,-1.8441528933377296,-1.7745901046307584,0.0005759478809140341,0.038897720068969396,-0.21245030681631855,0.20329898564553645,-2.816338571033164,-2.8202130705634345,0.0003575479325625053,0.020531202415395907,-0.09466647964172992,0.11073501879221881,-3.2792368579033986,-3.3750667016433686
9,-0.03587396453879166,0.5820143785641637,-0.8179154958529512,0.8839639969858566,-0.6593628279495662,-0.5708393130222187,-0.02514421560685148,0.17008930393765742,-0.268237258840968,0.31499871845909905,-1.4249666784804227,-1.7058098141519114,-0.01658053606991567,0.0703850470943333,-0.1740231725280811,0.07921028773501251,-2.215409332417172,-2.294182241236215,0.01579088430480244,0.32925055521108076,-0.54313047344421,0.5323786007648633,-0.7020020254445917,-0.9989936855758428,0.004358583508759134,0.1974837303718579,-0.39743821810468705,0.345120961671078,-1.1900211107285577,-1.4331525620744179,0.009692584610848938,0.12862538444357705,-0.23844377061651675,0.35100881736277184,-1.61020986282325,-1.7812074596598466,-0.0037482336250247894,0.11687948260332222,-0.39165304647220234,0.5206648567331085,-1.8084879803691511,-1.8664403284527735,-0.0037763011510601715,0.09565735732319355,-0.45556584786827087,0.4673069313449835,-2.0050682015867674,-2.0379423070703195,0.0001698246486656656,0.03536353424796809,-0.24793486601994347,0.18362816037833474,-3.043359917573782,-2.9031041409140497
10,-4.471944479774585,1.823109698769145,-8.182355367849388,-0.7937041736220247,1.2385465711903585,1.2753010607191393,-0.10529149965266583,1.1216182662440082,-2.273093020094764,1.6384305442428386,-0.14804895954501518,0.087917825957371,-0.06872732032491963,0.5384941917294361,-1.157945447236183,0.9835111000689168,-0.5375420653995283,-0.5409467108475832,0.03709589602406768,0.5283066477007947,-0.831593712929317,1.1835917256500907,-0.522292297504735,-0.6064558388442147,-0.037179021135722266,0.41414671493895633,-0.7804538350927344,0.9052782521227671,-0.6582734717468204,-0.7625311480658815,-0.00508930709530853,0.2999741162591506,-0.6286994471059044,0.5762538968090787,-1.0134779711693438,-1.0599253576653418,-0.0052022474816502936,0.10987540474793486,-0.34064549929800914,0.25193384630716414,-1.8613281457598512,-1.918755992845914,-0.0010719363259222047,0.036456166451948775,-0.15140215839593318,0.13239263267082302,-2.815764338744738,-2.8773198001729234,0.0002300203573137649,0.014573948071404535,-0.04512252441646818,0.04735664360633679,-3.6460723077471853,-3.673122067204721
11,-8.666237713445508,7.076748119442195,-18.89448951738682,-0.4675223743050829,1.5637190473403755,2.0970255534511897,-0.3676657760531026,1.2354980815417618,-3.949067440602258,0.7281700479947047,0.3226673209579792,0.21467741885936498,-0.5814593671994759,2.286069370513783,-4.113585643309113,3.8015973217300885,0.8275753165793172,0.7326070881420513,-0.06375468123890699,3.2953469996248757,-6.22483465934458,6.084986138933203,1.1201593275755737,1.0204723567943292,0.02619280148770104,2.30692024134372,-5.224800495981818,3.562639461337781,0.7728724105881509,0.7258955747295814,0.03863359003829627,1.4091784481653962,-5.153972331033497,3.878700723852638,0.3317988277770314,0.29819824268948997,0.006076129508772605,0.6733106197413868,-2.909121802433365,2.020356121353565,-0.42535633782865706,-0.34353374081524124,-0.0018004485249538966,0.1856112418067581,-1.0996926161360436,0.8575028191221883,-1.5350829257144258,-1.4628140190224774,-0.00023532300014521645,0.047603093465266415,-0.33136890207717595,0.261369479958299,-2.755090552256889,-2.6447268348605064
12,-5.591948183734423,2.1191409245114907,-9.931116681685213,-2.036142002118143,1.04982776134678,1.3500355009598086,0.0415910954086236,0.2732668900565639,-0.31554547382764425,0.5954514131621477,-1.0299991286868193,-1.157828709214551,0.024943480409336794,0.19937182876842702,-0.37248528163804934,0.5013646622183754,-1.2284618836891525,-1.50715686256856,0.015868180509003512,0.3715337396907206,-0.6903364419073742,0.6157851897245121,-0.6681166932382375,-0.8963353628390179,0.01064233038069884,0.4009547365420527,-0.7785876532119328,0.7341767394402634,-0.5523999506160002,-0.8020706344880602,0.04924018478518986,0.30865294372878804,-0.8225295526118148,0.6401255303055643,-0.9916214980152985,-1.010394191847838,0.006691038994400284,0.30212426204706305,-1.1418692788396845,1.2052072484997904,-0.9986828340822544,-1.0849875845754187,0.00039142842847184994,0.12951633329900608,-0.5124370021370613,0.549654900844886,-1.9420468281222278,-1.7756321038754768,4.554453718045176e-06,0.02394941972274898,-0.1236917954597783,0.08196042880529483,-3.1111102262814097,-3.2436871036926784
13,-2.2636026431968,4.61365304715735,-14.418799678077587,0.4952915657488993,1.0934356559424476,0.8722787946093228,0.06862315724665956,1.4213451266579833,-2.7534647263996277,3.5273341273923773,0.4732463661970031,0.121592339543315,-0.04422133952604945,0.9376722518082204,-2.037399468657247,2.763944173538343,0.09507346187856223,-0.2258043572652805,0.19565582545033336,1.7848722043791774,-2.660102789112656,2.7562967160091434,0.2715610860451153,0.46374093112554937,0.06176661967601805,1.5981385499681184,-2.900870215770178,3.221799955315375,0.578905712734478,0.39156524183987035,0.0055551189708045725,1.2141596414148128,-3.2299082418895004,2.581496696501379,0.22116829137849972,0.1653977895618862,-0.013310578011771391,0.8933757053472128,-2.967269115698606,3.1728107099258622,-0.11304086323841576,-0.13409803989481328,-0.0008928674158683175,0.2998282829756316,-1.216023501319152,1.0759485532329915,-1.1728679771047645,-1.0464547712343677,-0.0005332375409859164,0.05025662963194677,-0.20763943457409922,0.26537197677356267,-2.4393437969846574,-2.599408730444637
14,3.796351890105328,7.447626358910746,-6.4300047323030824,14.31015994184657,1.6073947388572705,1.8356699551633042,0.35837057955128127,1.6582476005289628,-2.602072687184657,3.8355895284911075,0.47515523357305256,0.36282158090442934,0.22785527851445334,1.0780189763713388,-1.0992030455045854,3.0588036935115124,0.24882636158452845,0.05470068889648063,-0.6988612483434106,4.986601437764906,-8.535938018808274,8.161379464909194,1.0932319422929588,1.3965699468359396,-0.23982981561846528,4.063898852487308,-7.458723061199594,7.9379118455209206,1.3515058225918177,1.1941739631437536,-0.03792562186827967,2.2997385707422726,-5.079829830005629,4.776929387994024,0.7547105696759068,0.723347305247331,0.007618845448534351,0.8053923754357258,-2.5636200019695745,2.013383437712621,-0.25838726305395343,-0.1880334617142752,0.0007634068594018807,0.21553825222219816,-1.097727097360552,0.7427564706977601,-1.325202564784215,-1.332991926325534,0.0002714289243782846,0.05886257181198975,-0.25304311200257346,0.36592169077590897,-2.384439755922988,-2.460328274198627
15,-0.12335393411102367,7.496155033069479,-19.269992670405745,6.307938027180104,1.3629110791752423,1.3511584962709478,0.1267902243708151,2.082850451272803,-4.122442692732763,4.963988938574608,0.8038000286281416,0.44432246236327916,0.18586746633107448,2.365747935315315,-4.210039005655673,4.082859094343116,0.9376613632603548,0.6280245602860066,-0.21510319065320463,3.7509755018653257,-7.100375603371053,5.8215371915504255,1.2009528020825524,1.1062002213721154,-0.11349362255762167,3.0379192062337976,-6.295014371092945,5.82408378189106,1.0675078503139006,0.9491323532991299,-0.006717197220623663,1.3497200617097371,-3.7246284792758266,2.813323469595885,0.24006837277133403,0.24718913580216725,0.005742341242261676,0.3981335767034255,-1.6831190490067665,1.3370733935814718,-0.8129668399591558,-0.8075275617855031,0.00015284166345555568,0.1052390041363123,-0.5606315824596046,0.317556376103334,-1.9474420745580714,-1.9562426133575386,-0.0003190301055428547,0.02066296351412733,-0.14338183202402202,0.09159474825985028,-3.3487009197734374,-3.369553030774076
16,-5.5622093534136745,0.5042340903276483,-6.435799201257763,-4.39941475444754,0.4432570576134828,1.4331767792266332,-0.14930656757559027,0.7581615067771819,-1.3708474430516147,1.2546864818695502,-0.28615846530666106,-0.42600607650072875,0.006459808006745615,0.9122855642709261,-1.6147273089438743,1.7875590038268783,0.007990166945337362,-0.2208019165854286,0.026790342708727974,0.9506165538549904,-1.6128190455499578,1.6846103028447545,0.15265632808297794,-0.0761628686805353,0.01756079174884765,0.6478386117025104,-1.97587660355839,1.1187399437041605,-0.4057782470680338,-0.3769431954661987,-0.004877167758061564,0.4290503872633254,-1.2641873316644339,1.1516113951649494,-0.7140004587903326,-0.7355665627077086,-0.00162749393303703,0.15120096687700416,-0.4936510901976877,0.6533286057171434,-1.696018820334358,-1.6409581721114952,-0.0006661838724621408,0.043118751813087296,-0.1994004690394874,0.20771604313468645,-2.756640704653882,-2.730656038236622,-0.0006513495518199086,0.01869086631642986,-0.07113286046991024,0.09141290554457253,-3.372464940829567,-3.456431346974546
17,-4.462456541548031,0.6620852875395584,-5.486845966430156,-2.934748777916982,0.6666387475761665,1.2420284013835974,-0.004707891248510552,0.22416108554343223,-0.40780587635102644,0.35347325849476924,-1.1753579176899205,-1.3880880377187605,-0.06366726383032813,0.2323100516142964,-0.6087407417226898,0.5066668489491213,-1.0650954020899426,-1.3910545259552873,-0.023347902200026447,0.22233502771955635,-0.5124069099488902,0.4209638890382166,-1.1605725858346885,-1.3326702766972216,-0.013349323540340097,0.09944253616462938,-0.22887951742250523,0.1751088729108552,-1.8377141712147638,-2.0003923264757892,-0.002375312748582735,0.12049409889314232,-0.3328715198998282,0.29476120996479954,-1.714735684914435,-1.8388634485393607,0.0018775779672932178,0.099742336225342,-0.3867417902920574,0.3150271343336287,-1.9694712312519411,-2.0028009140744363,-0.0007216953406717385,0.04598616243624877,-0.2402568615643341,0.15651053730127734,-2.6977833804964524,-2.675387419746267,-0.00043974715018371615,0.022295636808422416,-0.08892073670820384,0.09009304673727743,-3.1785628228834435,-3.3034323082333796
18,-6.716585826232066,1.6851076498836197,-8.088317220385363,-1.487598471123386,0.8207010685655646,1.6212135114502075,-0.2191158187024566,0.7445032233724115,-1.4635418264200297,1.132063606368934,-0.06548905412881226,-0.3163308270351787,-0.026632102226055037,0.3720768520378206,-0.8752497734733095,0.6395497202087362,-0.7163443519378124,-1.0400541766938816,0.03163641850168561,0.8815205416745394,-1.22852372575718,1.7956998162723274,0.0404052878431795,-0.21526757873330912,-0.017371272955766955,0.37755671145846015,-0.9741999127357729,0.5038655388938991,-0.6770976386654498,-0.8498160170556956,0.013723260842092478,0.33594532189079335,-0.8742326325167347,0.6954854989358553,-0.900143095683907,-0.9517023457861503,-0.001180924164897605,0.21270030508362736,-0.8552205291347732,0.7005155364160678,-1.3986372844527015,-1.3515825270523036,-0.003551725824469799,0.09631078192005357,-0.35126709774664555,0.3535754450914975,-1.9220139909180656,-2.032202758121916,-0.0002396282740768116,0.0341167589687618,-0.1702268647181524,0.17147890422170117,-2.865360651837143,-2.9343477656183
19,-1.1505945420658004,5.376150173630555,-9.76414473279861,7.969116144938098,1.3344355301498836,1.3587403581853492,0.582835174695853,1.4640291483669206,-1.5585478979168108,4.127689846852827,0.5820305205290325,0.34057259712539806,0.018050044043358228,0.7912671410107702,-1.9173636091554502,1.537694863148815,-0.0137330619588784,-0.3211363354574376,0.14242327040917008,1.1331525325910354,-1.7057002993422044,2.341947221123353,0.18291039460886335,0.08429262569658665,0.09216566909137225,1.1615668024107977,-2.5852048023044283,2.586986618688002,0.224906434459301,0.09084350655718487,-0.006394951661533535,1.1563433230463522,-2.5010342722108234,3.3334806574488804,0.29925923366154183,0.1252311460421463,-0.011833795636807422,1.0421365164247307,-3.7353123230176988,3.275123178869333,0.08810673884288828,0.035616584974287956,0.007487147770186548,0.4145737577904856,-1.9697073449929192,1.5811111842686147,-0.9366081382911277,-0.7651309364657416,0.00020155407802337734,0.0778446000583912,-0.3188265892599537,0.52683785107135,-2.08940952148052,-2.217610574539732
20,-1.1094305188240394,0.4915480176825789,-2.5291561706625134,-0.598228037725476,-0.37651584792359194,-0.07237103256592779,-0.039582459477755176,0.34002054339847604,-0.5643289259170547,0.7775362202083246,-0.8051863282770275,-1.1022686578706264,-0.09362573962238302,0.14748100867564165,-0.3025462499769143,0.33284745993736187,-1.4223524299258774,-1.5890834256453121,0.005969451853602011,0.9167872495713396,-1.4606345485361172,1.5115120768323205,0.1888920049977256,-0.1205895525222774,0.030877671661326923,0.8063656946388862,-1.5077559104862959,1.9520518833072003,0.019858697348406545,-0.19098058024202708,0.1111794319745897,1.1873541783263275,-3.089735186061351,3.3192009775839435,0.15021048023083858,0.11730135919195372,-0.014799344014732593,0.793196859781238,-2.633691346311784,3.9257672657057254,-0.18651915486675086,-0.20661569318863765,0.0035553073378426854,0.5666965225462814,-2.326426522033151,2.0855797915213827,-0.6120900640650484,-0.4933053982366297,-0.0023431167965755474,0.10296088946573184,-0.4677848981812768,0.5485261995553942,-1.8851330010900744,-1.9746081209198783
21,-0.44163508630606907,0.8500127856252129,-1.4543794285554295,0.6873696559964302,-0.36816809596810873,-0.19533574511339288,0.06676799610565066,0.1983035418137267,-0.23490869044462717,0.39633862194202774,-1.3165812866694495,-1.4409253173427352,0.012170750640466186,0.1278558950127942,-0.19819080863296074,0.3471586900339951,-1.6618731593450808,-1.8561181245473803,-0.008445861597517666,0.4989558739933317,-0.9005214840673006,0.8650684649385613,-0.38935569621055877,-0.6496142332544408,-0.008403183006504708,0.2518114700403259,-0.5335098532650786,0.6035760893146478,-1.0109866630002742,-1.2001320405666387,0.001641359201467282,0.1595392385972958,-0.36978226573857975,0.35626058508609026,-1.49658399138788,-1.594421662924675,-0.0018305320697418299,0.116862327569069,-0.4349121503485879,0.4726299828535271,-1.8155401902428194,-1.873390515058297,0.01978499062313641,0.24223842361674522,-1.175080578028594,1.1921680522826077,-1.1460475991247596,-1.229103707750256,-0.003032598027798402,0.12501612416377156,-0.7929945917995158,0.517625992826718,-1.8615130014387005,-1.8058430980998839
22,-0.9959323871700128,0.3985995484117149,-1.884277785212225,-0.47048723239264917,-0.2588503650289349,-0.03383167661768601,0.02610534375533657,0.2866495349402099,-0.47100480999892796,0.4099973685588645,-0.9542259673965019,-1.2138804386303135,0.04896999695845816,0.22361334519382586,-0.4146277024217221,0.5808858142446136,-1.141369985991314,-1.4246240926380822,-0.008279236726036827,0.481714180136106,-0.7162476616430326,0.7777939940419185,-0.4302739450643897,-0.6842417706022729,-0.005445190233728066,0.3146779463578004,-0.8090935132965669,0.3971123502258016,-0.8411765144497739,-1.0061058467197712,-0.04243140278548401,0.2594870484841815,-0.8963075074059423,0.5440544224926519,-1.0802830782650403,-1.1647904371253244,-0.029671906948456093,0.3522017697763742,-1.409868483899874,1.1032988989540298,-0.8580621839429705,-0.9045884623533326,-0.001379830553133704,0.20050873437991087,-1.1147320379150403,0.8924897330905877,-1.4113713885503347,-1.3958219218660584,0.0011035868714721832,0.05108204271258026,-0.34628174789519284,0.27183303102009954,-2.6234543242049635,-2.5832711542138322
23,-1.453196697848481,0.3583879449310276,-1.767783449784603,-0.6809947742475058,-0.398966003752393,0.28193442431253374,0.011664171306733341,0.14906725908491075,-0.26892881333841817,0.26994397350522625,-1.4893470349129294,-1.8217913811211788,0.011199593119501718,0.10711946420021919,-0.1316694131125174,0.2456282212287369,-1.8132785453328666,-2.0005533967655866,0.010735296256407892,0.6232980590285374,-0.9933814007000673,1.0232423689491719,-0.23208718804154033,-0.4535291596281525,-0.022326018850564327,0.4998992118450928,-0.909431983953762,1.0414177668017395,-0.41585506365005753,-0.6129359033535559,-0.004667594285100785,0.31678876946359796,-1.0507909087502958,0.798089697750535,-0.9423008263807544,-0.9986498034056192,0.017136615111607103,0.287434897349205,-1.1657076138196745,0.9396173842751911,-1.0525742503143405,-1.0815103490879794,-0.002132741992420561,0.18538763512517561,-0.9753291102611199,0.7945017235857434,-1.5042256516306771,-1.4638308311669923,0.0009054620586999181,0.04403755277841432,-0.23342464440676458,0.28662136293918106,-2.78093588913225,-2.712328309314097
24,-2.4838057687955204,1.21166211198331,-4.438896123552764,-0.35902940883047346,0.16897311128570014,0.7659994281649257,-0.04880756661256871,0.4662087847865193,-0.7236972598678059,0.7101922688056406,-0.509539231208583,-0.8126593077886842,-0.17728275255695677,1.3566114969954919,-2.510322641856453,2.305479077278803,0.42141252158111986,0.15505247230812136,0.003988320251638141,1.5859944361220546,-1.9634964823059093,3.023325582881279,0.39588573869091553,0.3724372142220466,0.06562495071618053,0.938492468697457,-1.7167131576012882,2.5721270783340495,0.026890209941991778,-0.06464712097439572,0.048643538132757895,0.5087555806492351,-1.4108172404400667,0.9943139825133991,-0.5651668262637927,-0.5830702678386298,-0.003455215247842176,0.32166684175671734,-1.4651528640008873,1.1667897416597495,-0.9611966834043706,-0.9851401503424472,0.004336383774487716,0.19490635668339382,-1.27715094446403,0.7941025935960639,-1.4395448490226612,-1.4201410784068222,-0.0009896729124643567,0.09969546829241478,-0.718392734011015,0.604450044250635,-2.1064638758067815,-2.0026112346605824
25,-1.5172310439683172,0.23258513209798992,-1.8729779196012284,-1.1461777821811865,-0.5852134526880831,0.3182918405621336,-0.018442141971427895,0.19303340499960525,-0.321158838610627,0.37697572035106647,-1.2524575266588671,-1.6317811947166267,0.017132402022866804,0.34551890507814415,-0.571077223162823,0.5020203625311912,-0.8261795329005214,-1.0208884662123803,-0.024146252658626237,0.5215071874697932,-0.8784812326741753,1.0151985999273616,-0.4339047576927409,-0.6237593020324523,0.011890198010889861,0.3712575141595176,-0.8047264557126492,0.6930034154403659,-0.7574894979463301,-0.8892628922052214,0.03196328753021565,0.31741070125818427,-0.9651072286254218,0.8036460506623518,-0.9283318382141276,-0.9931117702438558,0.031811361792776285,0.24724089884381673,-1.0128512983169047,0.8962825749233226,-1.1745941855880302,-1.2067150400151097,-0.0034334202260772797,0.18988529483130917,-1.1561848368851724,0.7040563656633813,-1.553451263130789,-1.4428827322752862,-0.0015247268805784993,0.08134861150472841,-0.6800955755188632,0.5511875102194994,-2.162098088403453,-2.179175774670009
26,-1.481493019620473,0.1869754561776534,-1.6196236605883034,-0.9516947652995403,-0.7924263439372686,0.2926175418172163,-0.015670295773345916,0.12915949867956372,-0.2902257804182729,0.22364355462029908,-1.7272268073402393,-1.9116479437024034,0.02902759308482508,0.10424235118644722,-0.18712647304534874,0.18904376786461155,-1.7771087893075468,-2.0267397889745924,-0.015261734548269363,0.08991228138611979,-0.17415949005464823,0.14955605137853445,-2.084456416227115,-2.0829644538693985,0.004838063895999273,0.08549784837553526,-0.1563712153673878,0.22990610630884178,-2.0230245988890214,-2.1412552935944698,0.0074548290955936515,0.1391254586629576,-0.37833095219310126,0.4364918892542296,-1.6836128989457342,-1.7635703535561709,-0.005008414315234323,0.1926205607604945,-0.9281459137425311,0.7487113709901704,-1.428079599683016,-1.4493056227051273,0.0031229091494193303,0.13210588422407926,-0.867274465660088,0.6225864612305686,-1.766072240780708,-1.7579193179804076,0.0008799762707053224,0.042182221003268024,-0.18591167261030597,0.3608305844313861,-2.764473039407964,-2.7496052560200135
27,-1.015534130491576,1.091633915838234,-3.2059480856904923,0.7968524854343206,-0.05457399816556295,0.09021439770271242,0.034475121076449594,0.6321000862581186,-1.0811817699099504,1.3973820979903604,-0.24250834764172605,-0.5701075650533244,0.0045852890110759555,0.2542197001555796,-0.5809627246287871,0.5610971423886252,-1.091890778824207,-1.2414344307056648,0.04193913398390903,0.7492851380127948,-1.1433050690090765,1.2991055479467621,-0.025309666711259966,-0.2918444019349586,0.006053580722898136,0.8910699818115541,-1.7418451896735792,1.7992244318520387,0.11461180272774336,-0.10125950788907309,0.0215006152249093,1.0454690476698518,-2.1365021831455593,3.3729685216039007,0.07906675994288825,0.038106366391330145,0.0240799744723941,0.8645716918243775,-2.65628396376508,3.5267015686671614,-0.1104985351611174,-0.12644143109185874,0.0037464974822240893,0.5506433831454217,-2.3244113815286562,2.630736517876495,-0.5763568829180511,-0.5182543403714918,0.001799309522652616,0.11651270835546067,-0.8057534361640618,0.5995202259566283,-1.8854996030323827,-1.8671550556902876
28,-0.8696768133088159,0.5216061150784859,-1.7831715860803088,-0.21345969145907204,-0.02312823014245408,-0.13595723401900314,-0.038678881714571886,0.48426513090810863,-0.8181378331603145,0.8046723044897558,-0.40840865449757713,-0.757611247824995,-0.036399834512618426,0.17690525061547369,-0.5677171701900364,0.17756710730571443,-1.4247624039341216,-1.489513588710447,-0.014066465501980622,0.3434494581982253,-0.5934792913147995,0.6597357420867452,-0.695567580599093,-0.9947332085135401,-0.0018638586957599903,0.39673540805814217,-0.5335407661402797,0.7939183815708732,-0.5796572497052171,-0.8103024752372823,0.05133155865560627,0.38229280008761696,-0.730200493640798,1.0752290780808005,-0.7070617111382487,-0.832627247885131,-0.04053737296719264,0.4333765355111397,-1.598399181002698,1.7337475707016419,-0.7253296371262434,-0.7225503708639615,0.0023487408439007832,0.3129049124704821,-1.6611898661261784,1.3128522026186848,-1.0278005616827608,-1.009152162655928,0.0002854252585179299,0.08383207443192861,-0.42736637821855206,0.4163503712374199,-2.246107606765746,-2.1531860998543277
29,0.8324337817296044,1.6391321062862172,-1.6175975437208785,2.8941446788881717,0.18715513370802278,0.49553869621621244,0.031564037539375915,0.22232271970489764,-0.2944193053748018,0.5566140143224533,-1.3157523651553797,-1.33045069341146,-0.005151116365067564,0.18987968409119838,-0.3358363061282163,0.46340963960047465,-1.3805066636706447,-1.4814785941251731,0.010229271490949625,0.34278458664712713,-0.5703274771070628,0.6415920623209369,-0.8042677342571005,-0.9948574172394649,-0.00778578993089305,0.3828459016826768,-0.8753215964355725,0.7314531210016033,-0.7110855931445185,-0.8512150278694816,0.04004644187000947,0.4154081526717995,-0.7678913690970826,1.3698627622112136,-0.6720999762506507,-0.763793033197312,0.03242502569846965,0.3643137835684917,-1.229154745642064,1.9091920130251854,-0.8318957262956151,-0.8740110638784429,-0.010897539915386098,0.34142025420223826,-1.7216031743300275,1.8029482196313944,-0.9542113367342857,-0.9329799131287527,-0.0005819235601295488,0.08866320077487051,-0.7220295236153207,0.40580112035662186,-2.1749363304120752,-2.1045009031532182
